spec,variable,mean,sd,hdi_lo,hdi_hi,p_dir,p_positive,p_negative,equation
Spec1_Diffuse,resource,0.3225426200628825,0.18190460166843916,-0.034871261,0.66042843,0.968,0.968,0.032,count
Spec1_Diffuse,friction,-0.44194604383504,0.2187061031685582,-0.88219874,-0.031302804,0.977,0.023,0.977,count
Spec1_Diffuse,degradation,-1.050933828597625,0.42286827903955426,-1.8601739,-0.21207476,0.995,0.005,0.995,count
Spec1_Diffuse,fiscal,-1.061089961185,0.2656879916943141,-1.5780744,-0.53550406,0.9995,5e-4,0.9995,count
Spec1_Diffuse,trend,-0.3103272652117925,0.2971034386559866,-0.90300605,0.25729923,0.85425,0.14575,0.85425,count
Spec1_Diffuse,regime,0.34752203660062,0.22603307449723156,-0.062852756,0.81001891,0.93825,0.93825,0.06175,count
Spec1_Diffuse,gdp_pc,-0.6590969378175,0.14731119776007018,-0.94820295,-0.37257292,1,0,1,count
Spec1_Diffuse,friction_x_fiscal,0.0378152047319065,0.1823417018366693,-0.32313588,0.39349,0.582,0.582,0.418,count
Spec1_Diffuse,regime,-0.379450552620534,0.8064938372744019,-2.0976253,1.0190896,0.66125,0.33875,0.66125,inflate
Spec1_Diffuse,friction,0.6589066967934825,0.414617168464997,-0.16386512,1.4803477,0.94375,0.94375,0.05625,inflate
Spec1_Diffuse,resource,0.19504787041304225,0.42241778603092495,-0.59077814,1.0831244,0.71225,0.71225,0.28775,inflate
Spec1_Diffuse,degradation,-0.1059108404977275,0.9944112395161377,-2.1538008,1.7933524,0.5205,0.4795,0.5205,inflate
Spec1_Diffuse,trend,-2.95609028479,0.8656710670146356,-4.7639272,-1.4466068,1,0,1,inflate
Spec2_Sequential,resource,0.32539009404540475,0.1869840348724573,-0.01396385,0.70144974,0.96425,0.96425,0.03575,count
Spec2_Sequential,friction,-0.44055775392035,0.21639251618408048,-0.86648465,-0.01293056,0.977,0.023,0.977,count
Spec2_Sequential,degradation,-1.050155347824025,0.4250199656592264,-1.8947928,-0.25892276,0.99175,0.00825,0.99175,count
Spec2_Sequential,fiscal,-1.06014079335,0.2557229331694338,-1.5423201,-0.55048545,1,0,1,count
Spec2_Sequential,trend,-0.3097322862419025,0.28749384763320623,-0.89438019,0.24055653,0.85775,0.14225,0.85775,count
Spec2_Sequential,regime,0.3503680510683525,0.22673805372081196,-0.085453491,0.79238834,0.945,0.945,0.055,count
Spec2_Sequential,gdp_pc,-0.662042370428,0.14417676513155256,-0.94395682,-0.37826535,1,0,1,count
Spec2_Sequential,friction_x_fiscal,0.037119500622995044,0.17955482805073458,-0.3074568,0.4054274,0.57225,0.57225,0.42775,count
Spec2_Sequential,regime,-0.39879201626501526,0.8005894931335102,-2.0401578,1.0153468,0.67,0.33,0.67,inflate
Spec2_Sequential,friction,0.650589580460345,0.4175399114163585,-0.19616027,1.480188,0.94525,0.94525,0.05475,inflate
Spec2_Sequential,resource,0.1940869789251575,0.4058604955417976,-0.62734556,1.008868,0.7175,0.7175,0.2825,inflate
Spec2_Sequential,degradation,-0.0669246692905425,0.9346685408724342,-1.9840188,1.7377597,0.504,0.504,0.496,inflate
Spec2_Sequential,trend,-2.90549818221,0.8086537448198099,-4.5189273,-1.4597263,1,0,1,inflate
Spec3_Skeptical,resource,0.3113420147450625,0.17823329476509828,-0.046077005,0.65003953,0.961,0.961,0.039,count
Spec3_Skeptical,friction,-0.435226537398125,0.20701075161070895,-0.8304812,-0.013767959,0.9825,0.0175,0.9825,count
Spec3_Skeptical,degradation,-1.009843985042875,0.4002511787610379,-1.7671683,-0.19942126,0.99475,0.00525,0.99475,count
Spec3_Skeptical,fiscal,-1.0421866354125,0.2447419790763627,-1.5164654,-0.57084669,1,0,1,count
Spec3_Skeptical,trend,-0.31987911132584,0.272463117169873,-0.8453974,0.22020405,0.87825,0.12175,0.87825,count
Spec3_Skeptical,regime,0.35368091350299,0.2149632142850377,-0.068942131,0.78957185,0.9505,0.9505,0.0495,count
Spec3_Skeptical,gdp_pc,-0.658830005305,0.14177930048876586,-0.93747672,-0.38399467,1,0,1,count
Spec3_Skeptical,friction_x_fiscal,0.026251315058856,0.17326808334931065,-0.32683775,0.35025132,0.56475,0.56475,0.43525,count
Spec3_Skeptical,regime,-0.4655837368992288,0.6617867014130605,-1.8072315,0.81309654,0.756,0.244,0.756,inflate
Spec3_Skeptical,friction,0.542656313674915,0.3730495478001625,-0.2000422,1.2657527,0.93375,0.93375,0.06625,inflate
Spec3_Skeptical,resource,0.13122580395947,0.3399395049619938,-0.56831621,0.77647706,0.686,0.686,0.314,inflate
Spec3_Skeptical,degradation,0.06137265254726675,0.7681525828910322,-1.4618855,1.6164051,0.54075,0.54075,0.45925,inflate
Spec3_Skeptical,trend,-2.4909431911925,0.6109978923245678,-3.7559516,-1.4068386,1,0,1,inflate
Spec4_Restrictive,resource,0.2927670101795175,0.17098368070077832,-0.032051109,0.63470433,0.961,0.961,0.039,count
Spec4_Restrictive,friction,-0.4352286693816625,0.20712239313483413,-0.83271347,-0.027209464,0.98275,0.01725,0.98275,count
Spec4_Restrictive,degradation,-0.939684574076525,0.38662659571249736,-1.6387814,-0.11501736,0.98875,0.01125,0.98875,count
Spec4_Restrictive,fiscal,-1.0145427528455,0.25020390631562267,-1.5062489,-0.53668098,0.99975,2.5e-4,0.99975,count
Spec4_Restrictive,trend,-0.32410872423159925,0.273976705975989,-0.85152588,0.21328009,0.88675,0.11325,0.88675,count
Spec4_Restrictive,regime,0.356233168562425,0.21080684416725032,-0.048924339,0.78397634,0.95675,0.95675,0.04325,count
Spec4_Restrictive,gdp_pc,-0.6560819646075,0.14022738806571844,-0.91666757,-0.37694664,1,0,1,count
Spec4_Restrictive,friction_x_fiscal,0.0164561210763484,0.1825022708985451,-0.34791111,0.36536807,0.5425,0.5425,0.4575,count
Spec4_Restrictive,regime,-0.5269857739840461,0.5290700844536383,-1.5722756,0.4756996,0.8505,0.1495,0.8505,inflate
Spec4_Restrictive,friction,0.424866938782292,0.31778351594959653,-0.18560328,1.0391444,0.911,0.911,0.089,inflate
Spec4_Restrictive,resource,0.06796776845164558,0.28655994757813474,-0.48775341,0.60944671,0.62025,0.62025,0.37975,inflate
Spec4_Restrictive,degradation,0.1075996067537275,0.5642991825824274,-1.0143147,1.1724729,0.577,0.577,0.423,inflate
Spec4_Restrictive,trend,-2.079504269975,0.43012644167934405,-2.9368356,-1.2793307,1,0,1,inflate
VDem_Elections,resource,0.329714054299155,0.15881992265950243,-0.0015517394,0.62372135,0.98425,0.98425,0.01575,count
VDem_Elections,friction,-0.539156036449825,0.17651704632999385,-0.86471988,-0.18181853,0.99875,0.00125,0.99875,count
VDem_Elections,degradation,-0.781915978495825,0.4239946510700841,-1.6042569,0.066638577,0.96525,0.03475,0.96525,count
VDem_Elections,fiscal,-0.9054946966165,0.2728570324930754,-1.4456903,-0.37903956,0.99975,2.5e-4,0.99975,count
VDem_Elections,trend,-0.18804479081841,0.27638180564803516,-0.69916429,0.37552869,0.75925,0.24075,0.75925,count
VDem_Elections,regime,0.629633961229625,0.2122186510836384,0.21764471,1.0530498,0.99725,0.99725,0.00275,count
VDem_Elections,gdp_pc,-0.8732164666,0.1510410652884165,-1.1557951,-0.55864257,1,0,1,count
VDem_Elections,friction_x_fiscal,-0.0496247254773895,0.19399067701263895,-0.41323376,0.3407639,0.60225,0.39775,0.60225,count
VDem_Elections,regime,-0.130981897158118,0.5107814022318721,-1.0331885,0.84212053,0.5965,0.4035,0.5965,inflate
VDem_Elections,friction,0.6919934577782125,0.35958054237393006,0.015485344,1.4067058,0.97825,0.97825,0.02175,inflate
VDem_Elections,resource,0.135091109701966,0.4240169805909966,-0.70910376,0.93279323,0.66275,0.66275,0.33725,inflate
VDem_Elections,degradation,0.17805815062314,0.9223887736942084,-1.6881289,1.9386269,0.59725,0.59725,0.40275,inflate
VDem_Elections,trend,-2.980990152425,0.7526839122746953,-4.5044094,-1.6592573,1,0,1,inflate
