year,net_interest,deficit,net_outlays,debt_gdp,yield10
1945,1.36487,20.85594,40.66191,NA,NA
1946,1.80676,7.00376,24.27407,NA,NA
1947,1.68419,-1.60967,13.81963,NA,NA
1948,1.58161,-4.29777,10.84425,NA,NA
1949,1.65997,-0.21286,14.25268,NA,NA
1950,1.60493,1.04027,14.19552,NA,NA
1951,1.34471,-1.75894,13.11968,NA,NA
1952,1.27974,0.41351,18.42593,NA,NA
1953,1.32471,1.66822,19.55228,NA,NA
1954,1.23186,0.29548,18.14241,NA,NA
1955,1.13989,0.70344,16.08638,NA,NA
1956,1.13029,-0.87837,15.72038,NA,NA
1957,1.12944,-0.71977,16.15437,NA,NA
1958,1.16452,0.5754,17.12386,NA,NA
1959,1.10456,2.46313,17.655,NA,NA
1960,1.28083,-0.0555,16.99743,NA,NA
1961,1.19457,0.5932,17.38197,NA,NA
1962,1.14071,1.18327,17.68788,NA,3.9460642570281124
1963,1.21421,0.7461,17.4627,NA,4.001566265060241
1964,1.19788,0.86418,17.31701,NA,4.18736
1965,1.15737,0.19009,15.92749,NA,4.283694779116466
1966,1.1539,0.45463,16.539180000000002,39.687075,4.92504
1967,1.19401,1.00505,18.31064,38.7901275,5.072650602409639
1968,1.17897,2.67485,18.93731,37.4218975,5.64436
1969,1.24792,-0.31859,18.04612,35.4147,6.672741935483871
1970,1.33979,0.26479,18.22868,35.1693675,7.35432
1971,1.27407,1.97734,18.04284,34.8759125,6.160883534136546
1972,1.21006,1.82729,18.03449,33.943025,6.20604
1973,1.21715,1.0459,17.23805,32.3839675,6.848104838709677
1974,1.38807,0.39702,17.4315,31.10487,7.562409638554217
1975,1.37954,3.15994,19.72409,32.231184999999996,7.993935742971888
1976,1.42665,3.93571,19.84571,33.4776575,7.61272
1977,1.43629,2.5775,19.65669,33.165555,7.417630522088354
1978,1.50783,2.5168,19.50783,32.4254425,8.408387096774193
1979,1.62267,1.55009,19.18402,31.152237500000002,9.432943548387097
1980,1.83855,2.5839,20.68175,31.31418,11.433440000000001
1981,2.14422,2.46233,21.1485,30.8851975,13.92136546184739
1982,2.54298,3.8273,22.30233,33.4804925,13.005502008032128
1983,2.4713,5.71821,22.24424,36.8018525,11.103
1984,2.75168,4.591,21.09675,38.440667500000004,12.458112449799197
1985,2.98407,4.89304,21.81029,41.77682,10.619798387096774
1986,2.97004,4.83067,21.6258,45.7647975,7.67284
1987,2.85489,3.0839,20.67915,48.0750475,8.39268
1988,2.89897,2.96343,20.3271,49.2729375,8.848
1989,2.99528,2.70561,20.27345,50.29316,8.49372
1990,3.09144,3.7067,21.01229,53.62628,8.5524
1991,3.15758,4.37207,21.50371,58.7273125,7.86236
1992,3.05727,4.45255,21.18803,61.7491875,7.008844621513944
1993,2.8973,3.71873,20.5493,63.8878375,5.86628
1994,2.78476,2.78825,20.05907,64.2029625,7.085180722891566
1995,3.0385,2.14604,19.84021,64.7243825,6.57392
1996,2.98587,1.33072,19.32937,64.4982675,6.443531746031746
1997,2.84445,0.25513,18.66635,63.17769,6.35396
1998,2.66052,-0.76433,18.23338,61.3389325,5.26288
1999,2.38554,-1.3042,17.67014,58.9942875,5.646135458167331
2000,2.17491,-2.30458,17.45155,55.61407,6.0302788844621515
2001,1.94829,-1.21184,17.60403,54.931445,5.020685483870968
2002,1.56416,1.44347,18.39943,56.6450625,4.61308
2003,1.33613,3.29583,18.85313,58.717535,4.01388
2004,1.31163,3.37825,18.76733,60.1163825,4.27132
2005,1.41102,2.44145,18.95789,60.8082975,4.28888
2006,1.6402,1.79638,19.21779,61.4843825,4.795
2007,1.63815,1.11026,18.85203,62.098165,4.634661354581674
2008,1.7113,3.10465,20.19345,67.13855,3.6642629482071714
2009,1.29093,9.75744,24.29659,80.9604425,3.26412
2010,1.3037,8.60107,22.9722,88.9541725,3.2150597609561755
2011,1.47414,8.33091,23.09697,93.94041,2.78164
2012,1.35603,6.62345,21.69663,98.3683875,1.80344
2013,1.30851,4.02694,20.46648,99.82917499999999,2.35016
2014,1.30029,2.75323,19.91286,101.09735500000001,2.53956
2015,1.2199,2.41574,20.17954,100.267225,2.1382868525896415
2016,1.27644,3.10903,20.48728,103.9553875,1.83744
2017,1.33872,3.39306,20.30192,102.5260725,2.32948
2018,1.57323,3.77157,19.89194,103.8065925,2.9112449799196787
2019,1.74168,4.56634,20.64511,104.4148675,2.1414
2020,1.61621,14.4824,30.48763,122.302125,0.889203187250996
2021,1.48505,11.69028,28.74824,120.93075,1.4468525896414344
2022,1.8265,5.27419,24.07063,118.35134000000001,2.950562248995984
2023,2.36689,6.06751,22.03553,117.697025,3.959
2024,3.0032,6.19625,22.9888,120.396875,4.20796
2025,3.15344,5.76906,22.79137,120.73094,4.293212851405622
