year,net_interest,debt_gdp,yield10,divergence
1966,1.1539,39.687075,4.92504,-0.05986992660849532
1967,1.19401,38.7901275,5.072650602409639,-0.039677825417348954
1968,1.17897,37.4218975,5.64436,-0.17367625665716388
1969,1.24792,35.4147,6.672741935483871,-0.3277212126934846
1970,1.33979,35.1693675,7.35432,-0.4051898800533154
1971,1.27407,34.8759125,6.160883534136546,-0.1600419627890414
1972,1.21006,33.943025,6.20604,-0.21706905366523382
1973,1.21715,32.3839675,6.848104838709677,-0.34313087175696194
1974,1.38807,31.10487,7.562409638554217,-0.32938643151021163
1975,1.37954,32.231184999999996,7.993935742971888,-0.4705797046043356
1976,1.42665,33.4776575,7.61272,-0.3507833723166659
1977,1.43629,33.165555,7.417630522088354,-0.28508120210404136
1978,1.50783,32.4254425,8.408387096774193,-0.4520803417652964
1979,1.62267,31.1522375,9.432943548387096,-0.573832783598854
1980,1.83855,31.31418,11.43344,-0.8724925484727452
1981,2.14422,30.8851975,13.92136546184739,-1.194214152918454
1982,2.54298,33.4804925,13.005502008032128,-0.6128969177961511
1983,2.4713,36.8018525,11.103,-0.26425415449104916
1984,2.75168,38.440667500000004,12.458112449799197,-0.36278173736800645
1985,2.98407,41.77682,10.619798387096774,0.2732309379015022
1986,2.97004,45.7647975,7.67284,0.9332478616295262
1987,2.85489,48.0750475,8.39268,0.5882319574834066
1988,2.89897,49.2729375,8.848,0.4921456969307931
1989,2.99528,50.29316,8.49372,0.6587500573104684
1990,3.09144,53.62628,8.5524,0.6737240230712492
1991,3.15758,58.7273125,7.86236,0.8149433680141867
1992,3.05727,61.7491875,7.008844621513944,0.8727837029053567
1993,2.8973,63.8878375,5.86628,0.9623832664496043
1994,2.78476,64.2029625,7.085180722891566,0.5320364095182964
1995,3.0385,64.7243825,6.57392,0.9060997974626473
1996,2.98587,64.4982675,6.443531746031746,0.891286929927531
1997,2.84445,63.17769,6.35396,0.7989847379513927
1998,2.66052,61.3389325,5.26288,0.9304463731661908
1999,2.38554,58.9942875,5.646135458167331,0.6040656797623964
2000,2.17491,55.61407,6.0302788844621515,0.3623719290979901
2001,1.94829,54.931445,5.020685483870968,0.407357778610507
2002,1.56416,56.6450625,4.61308,0.09338294714840435
2003,1.33613,58.717535,4.01388,-0.02264657613052544
2004,1.31163,60.1163825,4.27132,-0.1407255145046455
2005,1.41102,60.8082975,4.28888,-0.059563543941943575
2006,1.6402,61.4843825,4.795,0.026827544758962325
2007,1.63815,62.098165,4.634661354581674,0.05357166874998292
2008,1.7113,67.13855,3.6642629482071714,0.27466452440816747
2009,1.29093,80.9604425,3.26412,-0.3178980856096617
2010,1.3037,88.9541725,3.2150597609561755,-0.4513240476367538
2011,1.47414,93.94041,2.78164,-0.26911691860352416
2012,1.35603,98.3683875,1.80344,-0.22512909012020024
2013,1.30851,99.829175,2.35016,-0.4413975514337333
2014,1.30029,101.097355,2.53956,-0.5232108315623087
2015,1.2199,100.267225,2.1382868525896415,-0.4845516711838706
2016,1.27644,103.9553875,1.83744,-0.42435342911468604
2017,1.33872,102.5260725,2.32948,-0.4594554811600057
2018,1.57323,103.8065925,2.9112449799196787,-0.39907172218048215
2019,1.74168,104.4148675,2.1414,-0.04592929895247053
2020,1.61621,122.302125,0.889203187250996,-0.20653626297272895
2021,1.48505,120.93075,1.4468525896414344,-0.45299852794457385
2022,1.8265,118.35134,2.950562248995984,-0.44467383625646223
2023,2.36689,117.697025,3.959,-0.14904598484932924
2024,3.0032,120.396875,4.20796,0.3700178636779006
2025,3.15344,120.73094,4.293212851405622,0.49183365480829633
