variable,mean,sd,hdi_lo,hdi_hi,p_dir,period
resource_density_z,-0.465710230484814,0.31546489511704023,-1.0623414,0.16831882,0.928,early
friction_z,-1.2678737299438667,0.48560480562906455,-2.2511418,-0.33680083,0.9936666666666667,early
degradation,-0.6413754611319167,0.7639984140695454,-2.088387,0.85645885,0.8003333333333333,early
cost_z,-0.7278259602646655,0.6578232751582134,-1.9979086,0.55846733,0.8643333333333333,early
spend_z,1.003975834831175,0.6819592180414041,-0.35638738,2.3111132,0.9335,early
trend_z,1.5485153065220134,1.0434301613712984,-0.52072036,3.5146681,0.9261666666666667,early
regime_z,-0.47424336658638166,0.3821781406588105,-1.2030417,0.30279513,0.8913333333333333,early
gdp_pc_log_z,-0.5971432337569633,0.26713328880192955,-1.1377492,-0.093953498,0.9825,early
fric_x_cost,0.97873244489155,0.4782408023231015,0.025320136,1.8845032,0.9845,early
resource_density_z,0.2185848643287445,0.2243463659896266,-0.2134827,0.66168767,0.8348333333333333,late
friction_z,-0.325644478304575,0.25314524729801385,-0.81900452,0.17660186,0.8988333333333334,late
degradation,-0.6270011035056984,0.49764744242826353,-1.624029,0.30118677,0.899,late
cost_z,-0.03181922148239683,0.13615108622107255,-0.29589254,0.23919337,0.599,late
spend_z,0.06291508543727939,0.17594848967675927,-0.27733501,0.40665017,0.637,late
trend_z,-0.389455947732844,0.1873739781662459,-0.74415413,-0.0084693376,0.9795,late
regime_z,0.559779234458225,0.3035583007335166,0.0032474,1.1802775,0.9703333333333334,late
gdp_pc_log_z,-0.640949354617,0.1736781041108959,-0.97326093,-0.28965249,0.9998333333333334,late
fric_x_cost,0.04522851493854333,0.15923449145004245,-0.25776348,0.36483197,0.6001666666666666,late
